-- pgTAP: рецептуры (076) — ингредиенты в базовых единицах (г/мл),
-- расход модификаторов, лимиты граммов в receive/stock_take и RLS.
-- Запуск: supabase test db (локальный стек, production не затрагивается).

BEGIN;
SELECT plan(13);

SELECT has_table('modifier_supplies');

-- ── Фикстуры ─────────────────────────────────────────────────
INSERT INTO orgs (id, name) VALUES
  ('40000000-0000-4000-8000-000000000001', 'pgTAP org A'),
  ('40000000-0000-4000-8000-000000000002', 'pgTAP org B');

INSERT INTO locations (id, org_id, name) VALUES
  ('40100000-0000-4000-8000-000000000001',
   '40000000-0000-4000-8000-000000000001', 'Loc A'),
  ('40100000-0000-4000-8000-000000000002',
   '40000000-0000-4000-8000-000000000002', 'Loc B');

INSERT INTO staff (id, org_id, location_id, name, role, pin_hash)
VALUES ('40200000-0000-4000-8000-000000000001',
        '40000000-0000-4000-8000-000000000001',
        '40100000-0000-4000-8000-000000000001',
        'pgTAP owner', 'owner', 'unused-in-test');

INSERT INTO menu_categories (id, org_id, location_id, name)
VALUES ('40300000-0000-4000-8000-000000000001',
        '40000000-0000-4000-8000-000000000001',
        '40100000-0000-4000-8000-000000000001', 'Кофе');

INSERT INTO menu_items (id, org_id, category_id, name, price)
VALUES ('40400000-0000-4000-8000-000000000001',
        '40000000-0000-4000-8000-000000000001',
        '40300000-0000-4000-8000-000000000001', 'Капучино', 1600);

INSERT INTO item_variants (id, org_id, item_id, name, price, is_default, sort_order)
VALUES ('40500000-0000-4000-8000-000000000001',
        '40000000-0000-4000-8000-000000000001',
        '40400000-0000-4000-8000-000000000001', 'Большой', 1600, TRUE, 0);

-- Ингредиенты в базовых единицах: зерно/мука в граммах, жидкости в мл
INSERT INTO supply_items (id, org_id, location_id, name, unit, stock) VALUES
  ('40600000-0000-4000-8000-000000000001',
   '40000000-0000-4000-8000-000000000001',
   '40100000-0000-4000-8000-000000000001', 'Зерно', 'г', 10000),
  ('40600000-0000-4000-8000-000000000002',
   '40000000-0000-4000-8000-000000000001',
   '40100000-0000-4000-8000-000000000001', 'Сироп ваниль', 'мл', 2000),
  ('40600000-0000-4000-8000-000000000003',
   '40000000-0000-4000-8000-000000000001',
   '40100000-0000-4000-8000-000000000001', 'Молоко овсяное', 'мл', 5000),
  ('40600000-0000-4000-8000-000000000004',
   '40000000-0000-4000-8000-000000000001',
   '40100000-0000-4000-8000-000000000001', 'Мука', 'г', 0),
  ('40600000-0000-4000-8000-000000000005',
   '40000000-0000-4000-8000-000000000002',
   '40100000-0000-4000-8000-000000000002', 'Чужой сахар', 'г', 100);

-- Рецепт варианта: 18 г зерна на единицу, при любом типе заказа
INSERT INTO variant_supplies (org_id, menu_item_id, variant_id, supply_item_id, qty, takeaway_only)
VALUES ('40000000-0000-4000-8000-000000000001',
        '40400000-0000-4000-8000-000000000001',
        '40500000-0000-4000-8000-000000000001',
        '40600000-0000-4000-8000-000000000001', 18, FALSE);

-- Модификаторы: сироп 20 мл, овсяное молоко 180 мл
INSERT INTO modifier_groups (id, org_id, name)
VALUES ('40700000-0000-4000-8000-000000000001',
        '40000000-0000-4000-8000-000000000001', 'Добавки');

INSERT INTO modifiers (id, org_id, group_id, name, price_delta) VALUES
  ('40800000-0000-4000-8000-000000000001',
   '40000000-0000-4000-8000-000000000001',
   '40700000-0000-4000-8000-000000000001', 'Сироп', 200),
  ('40800000-0000-4000-8000-000000000002',
   '40000000-0000-4000-8000-000000000001',
   '40700000-0000-4000-8000-000000000001', 'Овсяное', 300);

INSERT INTO modifier_supplies (org_id, modifier_id, supply_item_id, qty) VALUES
  ('40000000-0000-4000-8000-000000000001',
   '40800000-0000-4000-8000-000000000001',
   '40600000-0000-4000-8000-000000000002', 20),
  ('40000000-0000-4000-8000-000000000001',
   '40800000-0000-4000-8000-000000000002',
   '40600000-0000-4000-8000-000000000003', 180);

INSERT INTO orders (id, org_id, location_id, staff_id, client_uuid, daily_number,
                    order_type, status, subtotal, vat_rate, vat_amount, total)
VALUES ('40900000-0000-4000-8000-000000000001',
        '40000000-0000-4000-8000-000000000001',
        '40100000-0000-4000-8000-000000000001',
        '40200000-0000-4000-8000-000000000001',
        '40a00000-0000-4000-8000-000000000001', 1, 'here', 'open', 4200, 18, 641, 4200);

-- ── Продажа в зале ×2: рецепт + модификаторы ─────────────────
INSERT INTO order_items (id, org_id, order_id, menu_item_id, variant_id, name, variant_name, unit_price, qty, line_total)
VALUES ('40b00000-0000-4000-8000-000000000001',
        '40000000-0000-4000-8000-000000000001',
        '40900000-0000-4000-8000-000000000001',
        '40400000-0000-4000-8000-000000000001',
        '40500000-0000-4000-8000-000000000001',
        'Капучино', 'Большой', 2100, 2, 4200);

SELECT is((SELECT stock FROM supply_items WHERE id = '40600000-0000-4000-8000-000000000001'),
  9964, 'рецепт: зерно 18 г × 2 списано и в зале (takeaway_only=false)');

INSERT INTO order_item_modifiers (org_id, order_item_id, modifier_id, name, price_delta) VALUES
  ('40000000-0000-4000-8000-000000000001',
   '40b00000-0000-4000-8000-000000000001',
   '40800000-0000-4000-8000-000000000001', 'Сироп', 200),
  ('40000000-0000-4000-8000-000000000001',
   '40b00000-0000-4000-8000-000000000001',
   '40800000-0000-4000-8000-000000000002', 'Овсяное', 300);

SELECT is((SELECT stock FROM supply_items WHERE id = '40600000-0000-4000-8000-000000000002'),
  1960, 'модификатор: сироп 20 мл × 2 списан');
SELECT is((SELECT stock FROM supply_items WHERE id = '40600000-0000-4000-8000-000000000003'),
  4640, 'модификатор: овсяное молоко 180 мл × 2 списано');
SELECT is(
  (SELECT count(*) FROM stock_movements
   WHERE order_item_id = '40b00000-0000-4000-8000-000000000001' AND supply_item_id IS NOT NULL),
  3::bigint, 'журнал: 3 строки sale (рецепт + 2 модификатора) с order_item_id');

-- ── Void позиции возвращает и рецепт, и модификаторы ─────────
UPDATE order_items SET voided_at = NOW()
WHERE id = '40b00000-0000-4000-8000-000000000001';

SELECT is((SELECT stock FROM supply_items WHERE id = '40600000-0000-4000-8000-000000000001'),
  10000, 'void: зерно возвращено');
SELECT is((SELECT stock FROM supply_items WHERE id = '40600000-0000-4000-8000-000000000002'),
  2000, 'void: сироп возвращён');
SELECT is((SELECT stock FROM supply_items WHERE id = '40600000-0000-4000-8000-000000000003'),
  5000, 'void: овсяное молоко возвращено');

-- ── Лимиты граммов: receive/stock_take ───────────────────────
SELECT set_config(
  'request.jwt.claims',
  '{"sub":"40c00000-0000-4000-8000-000000000001","role":"authenticated","app_metadata":{"org_id":"40000000-0000-4000-8000-000000000001","location_id":"40100000-0000-4000-8000-000000000001"}}',
  true
);

-- Строгий режим (090): привилегированные RPC требуют staff-сессию
INSERT INTO staff_sessions (token, staff_id, org_id, location_id)
VALUES ('40d00000-0000-4000-8000-000000000001',
        '40200000-0000-4000-8000-000000000001',
        '40000000-0000-4000-8000-000000000001',
        '40100000-0000-4000-8000-000000000001');

CREATE TEMP TABLE recv_flour AS
SELECT receive_stock(
  '40200000-0000-4000-8000-000000000001',
  '[{"kind":"supply","supply_item_id":"40600000-0000-4000-8000-000000000004","qty":25000}]'::jsonb,
  'мешок 25 кг', '40d00000-0000-4000-8000-000000000001'
) AS r;

SELECT is((SELECT stock FROM supply_items WHERE id = '40600000-0000-4000-8000-000000000004'),
  25000, 'receive: 25000 г муки (лимит supply поднят)');

SELECT throws_ok(
  $$ SELECT receive_stock(
       '40200000-0000-4000-8000-000000000001',
       '[{"kind":"menu","menu_item_id":"40400000-0000-4000-8000-000000000001","qty":25000}]'::jsonb,
       NULL, '40d00000-0000-4000-8000-000000000001') $$,
  'invalid qty', 'receive: лимит товаров меню прежний (9999)');

CREATE TEMP TABLE count_flour AS
SELECT stock_take(
  '40200000-0000-4000-8000-000000000001',
  '[{"kind":"supply","supply_item_id":"40600000-0000-4000-8000-000000000004","counted":150000}]'::jsonb,
  NULL, '40d00000-0000-4000-8000-000000000001'
) AS r;

SELECT is((SELECT stock FROM supply_items WHERE id = '40600000-0000-4000-8000-000000000004'),
  150000, 'stock_take: 150 кг муки в граммах (лимит supply поднят)');

-- ── RLS: связка пишется в своей org, чужой расходник запрещён ─
SET LOCAL ROLE authenticated;

INSERT INTO modifier_supplies (org_id, modifier_id, supply_item_id, qty)
VALUES ('40000000-0000-4000-8000-000000000001',
        '40800000-0000-4000-8000-000000000001',
        '40600000-0000-4000-8000-000000000001', 9);

SELECT is(
  (SELECT count(*) FROM modifier_supplies
   WHERE modifier_id = '40800000-0000-4000-8000-000000000001'),
  2::bigint, 'authenticated пишет связку своей org (сироп + зерно)');

SELECT throws_ok(
  $$ INSERT INTO modifier_supplies (org_id, modifier_id, supply_item_id, qty)
     VALUES ('40000000-0000-4000-8000-000000000001',
             '40800000-0000-4000-8000-000000000001',
             '40600000-0000-4000-8000-000000000005', 5) $$,
  '42501', NULL, 'чужой расходник в связке отклонён RLS (cross-tenant списание)');

RESET ROLE;
SELECT * FROM finish();
ROLLBACK;
